{
  "attempted_delivery": {
    "PK": 9.3823529412,
    "GB": 13.1875,
    "US": 22.5384615385,
    "IN": 1.0,
    "ROW": 47.0
  },
  "confirmed": {
    "PK": 180.8550724638,
    "GB": 43.2061068702,
    "US": 28.544600939,
    "IN": 124.0588235294,
    "ROW": 18.7714285714
  },
  "delivered": {
    "PK": 4.7424242424,
    "GB": 0.4042553191,
    "US": 2.3155339806,
    "IN": 0.3076923077,
    "ROW": 0.0
  },
  "failure": { "GB": 3.0, "IN": null, "PK": 28.0, "US": 11.0, "ROW": 12.0 },
  "in_transit": {
    "PK": 75.4606741573,
    "GB": 78.0303030303,
    "US": 124.0748898678,
    "IN": 68.1379310345,
    "ROW": 147.030952381
  },
  "label_printed": {
    "PK": null,
    "GB": null,
    "US": 5.0,
    "IN": null,
    "ROW": null
  },
  "label_purchased": {
    "PK": 37.2380952381,
    "GB": 17.6666666667,
    "US": 13.2093023256,
    "IN": 33.0,
    "ROW": 0.0
  },
  "out_for_delivery": {
    "PK": 4.4761904762,
    "GB": 5.5,
    "US": 8.2659574468,
    "IN": 7.75,
    "ROW": 39.1
  }
}
